User ID,Username,Full Name
1,guitar_jones1,John Jones
2,runner_jane2,Jane Johnson
3,codechris3,Chris Brown
4,alex_the_skater4,Alex Williams
5,read_with_sam5,Samantha Jones
6,mike_photo_guy6,Michael Miller
7,baker_sarah7,Sarah Davis
8,world_traveler_dave8,David Garcia
9,ems_paints9,Emily Rodriguez
10,swim_jam10,James Wilson
11,liveloves_yoga11,Olivia Martinez
12,hiker_dan12,Daniel Anderson
13,sophia_scribbles13,Sophia Taylor
14,fitliam14,Liam Thomas
15,em_the_dancer15,Emma Moore
16,speedyjohn16,Joe Smith
17,piano_clariss17,Clarissa Johnson
18,kev_the_gamer18,Kevin Brown
19,film_buff_joel19,Joel Williams
20,artgirl_beth20,Beth Leah
21,climber_mike21,Mike Davis
22,eli_lens_lady22,Eli Jackson
23,strum_alvin23,Alvin Garcia
24,run_theodore24,Theodore Jackson
25,james_scribe25,James Brown
26,olivia_reads26,Olivia Leah
27,paint_danny27,Daniel Thomas
28,so_gamer28,Hazel Taylor
29,hiker_william29,William Thomas
30,luna_swim30,Luna Moore
31,code_master_joey31,Joey Jack
32,caitlyn_games32,Caitlyn Brown
33,cole_wanders33,Cole Williams
34,climbing_olivia34,Olivia Williams
35,swim_sam35,Sammy Jones
36,words_mike36,Michael Jack
37,stringzoe37,Zoe Davis
38,bookish_simon38,Simon Garcia
39,gamer_emily39,Emily Jack
40,hikejames40,James Roberts
41,dance_with_liv41,Lem Leah
42,yoga_soph42,Sophia Anderson
43,travel_sophia43,Scarlett Taylor
44,climberelijah44,Elijah Thomas
45,fit_mila45,Mila Moore
46,pianist_john46,John Smith
47,ride_with_jess47,Jess Joe
48,dancesteph48,Stephanie Taylor
49,stephen_writes49,Stephen Scott
50,travel_buddy50,Buddy Jones
51,climb_josh51,Josh Thompson
52,gamer_lily52,Lily Roberts
53,surf_danny53,Danny Perez
54,photo_jen54,Jennifer Clark
55,run_mitch55,Mitchell Green
56,bake_with_eva56,Eva Scott
57,fit_ryan57,Ryan Adams
58,travel_megan58,Megan Cooper
59,skater_ben59,Ben Harris
60,daniel_doodle60,Daniel Young
61,emily_runs61,Emily Hernandez
62,yoga_lucas62,Lucas White
63,foodie_anne63,Anne Lee
64,drummer_mike64,Mike Martin
65,sarah_rides65,Sarah Lewis
66,sophia_hikes66,Sophia Walker
67,coder_tim67,Timothy King
68,chef_laura68,Laura Scott
69,runner_ashley69,Ashley Moore
70,swim_justin70,Justin Baker
71,bookworm_nick71,Nick Price
72,maria_paints72,Maria Campbell
73,fitness_paul73,Paul Kelly
74,gamer_claire74,Claire Allen
75,dance_diana75,Diana Stewart
76,hike_with_tom76,Tom Gray
77,code_katie77,Katie Evans
78,cyclist_pete78,Peter Adams
79,sing_lauren79,Lauren Roberts
80,tech_guy_sam80,Sam Mitchell
81,guitar_mack81,Mack Thomas
82,runner_rachel82,Rachel Barnes
83,jamie_yoga83,Jamie Bell
84,swim_brian84,Brian Garcia
85,art_olivia85,Olivia Wood
86,fit_emma86,Emma Cooper
87,piano_jason87,Jason Ramirez
88,read_with_clara88,Clara Morgan
89,sophie_guitar89,Sophie Bailey
90,carlos_fitness90,Carlos Reed
91,runner_chloe91,Chloe Richardson
92,dancer_lucy92,Lucy James
93,climb_taylor93,Taylor Hughes
94,gamer_zach94,Zachary Murphy
95,soccer_nina95,Nina Cox
96,piano_sarah96,Sarah Howard
97,foodiesam97,Samantha Russell
98,codewith_jake98,Jake Simmons
99,mark_swimmer99,Mark Torres
100,dancer_jade100,Jade Watson
101,coding_alex101,Alex Brooks
102,fit_jose102,Jose Jenkins
103,travel_emily103,Emily West
104,climb_ella104,Ella Patterson
105,gamer_chris105,Christopher Sanders
106,baker_rose106,Rose Foster
107,music_luke107,Luke Hughes
108,sporty_emma108,Emma Mitchell
109,paint_with_dan109,Daniel Owens
110,techy_jason110,Jason Campbell
111,sarah_runs111,Sarah Simmons
112,photo_george112,George Gray
113,fitness_anna113,Anna Powell
114,sing_julia114,Julia Barnes
115,chess_with_paul115,Paul Perry
116,read_lauren116,Lauren Jenkins
117,travel_tom117,Thomas Foster
118,ride_with_ben118,Ben Cooper
119,foodie_kate119,Kate Bryant
120,rockstar_nate120,Nathan Bell
121,soccer_jess121,Jessica Ramirez
122,code_maria122,Maria Simmons
123,chef_sophia123,Sophia Morris
124,painter_sam124,Samuel Evans
125,tech_girl_liz125,Elizabeth Howard
126,gamer_james126,James Ward
127,play_jack127,Jack Cook
128,yoga_lila128,Lila Bailey
129,skater_tyler129,Tyler Anderson
130,danielle_travels130,Danielle Rogers
131,run_katie131,Katie Russell
132,rock_lucas132,Lucas Rivera
133,fit_megan133,Megan Phillips
134,climb_dylan134,Dylan Brooks
135,coder_ash135,Ashley Price
136,foodie_james136,James Sanders
137,benjamindrums137,Benjamin Flores
138,sketcher_jane138,Jane Hill
139,photo_will139,William Adams
140,dancer_isabel140,Isabel Kelly
141,swimmax141,Max Gonzalez
142,hike_lucy142,Lucy Mitchell
143,game_on_ryan143,Ryan Bennett
144,travel_kayla144,Kayla Reed
145,craft_with_mia145,Mia Hayes
146,music_oliver146,Oliver Carter
147,run_with_steve147,Steven Henderson
148,photography_emily148,Emily Ramirez
149,bake_with_claire149,Claire Cooper
150,cycling_jenna150,Jenna Coleman
151,active_jake151,Jake Cooper
152,foodie_nina152,Nina Scott
153,sketch_artist_tom153,Tom Price
154,dance_kaitlyn154,Kaitlyn Bell
155,read_chris155,Chris Miller
156,run_amy156,Amy Thompson
157,traveler_aaron157,Aaron Lee
158,gamer_jess158,Jessica Carter
159,swim_ben159,Ben Turner
160,climber_kyle160,Kyle Davis
161,yoga_melanie161,Melanie Adams
162,play_ella162,Ella Young
163,bike_paul163,Paul Hernandez
164,writer_karen164,Karen Rodriguez
165,music_aaron165,Aaron Jackson
166,artist_julie166,Julie Mitchell
167,cook_with_sara167,Sara Roberts
168,video_jake168,Jake Nelson
169,run_zara169,Zara Hall
170,swimmer_alex170,Alex Baker
171,jamie_reads171,Jamie Lee
172,ski_max172,Max Martinez
173,cook_brian173,Brian Wright
174,paint_rachel174,Rachel Jones
175,write_with_dan175,Daniel Lewis
176,explore_with_zoe176,Zoe Walker
177,swim_isaac177,Isaac Allen
178,hike_nadia178,Nadia Scott
179,bike_kate179,Kate Young
180,food_penny180,Penny Carter
181,art_with_riley181,Riley Davis
182,gamer_luke182,Luke Thompson
183,run_teresa183,Teresa Brooks
184,travel_ash184,Ashley Garcia
185,sing_fiona185,Fiona Hall
186,coder_mike186,Mike Harris
187,dance_victor187,Victor Young
188,fit_bella188,Bella Robinson
189,photographer_craig189,Craig Evans
190,climb_with_rick190,Rick Rivera
191,skate_with_drew191,Drew Turner
192,read_alice192,Alice Martin
193,travel_fernando193,Fernando Wright
194,swim_carla194,Carla Mitchell
195,play_ricky195,Ricky Carter
196,run_holly196,Holly Ramirez
197,cook_steve197,Steve Phillips
198,active_kerry198,Kerry Cox
199,read_dana199,Dana Howard
200,code_ivan200,Ivan Cooper
201,paint_rick201,Rick Kelly
202,sport_mia202,Mia Brown
203,hike_kent203,Kent Sanders
204,gamer_bruno204,Bruno Young
205,run_with_alia205,Alia Baker
206,yoga_jay206,Jay Edwards
207,play_will207,Will Carter
208,cook_dan208,Dan Foster
209,artist_margo209,Margo Lee
210,travel_julian210,Julian James
211,swim_with_linda211,Linda Turner
212,dance_zephyr212,Zephyr Reed
213,run_tommy213,Tommy Harris
214,cook_chloe214,Chloe Walker
215,climb_sophie215,Sophie King
216,swim_evan216,Evan Murphy
217,reader_hannah217,Hannah Wright
218,fit_stan218,Stan Butler
219,music_daniel219,Daniel Price
220,sketch_freya220,Freya Roberts
221,traveler_maya221,Maya Cole
222,code_aaron222,Aaron Gray
223,hike_jenny223,Jenny Evans
224,gym_jason224,Jason Martin
225,paint_george225,George Turner
226,cook_sally226,Sally Sanchez
227,gamer_fay227,Fay Rogers
228,art_barry228,Barry Cooper
229,dance_rita229,Rita Nelson
230,run_evelyn230,Evelyn Coleman
231,traveler_nick231,Nick Bailey
232,bike_brian232,Brian Foster
233,explore_with_nora233,Nora King
234,fitness_reed234,Reed Reed
235,climb_with_gary235,Gary Murphy
236,yoga_claire236,Claire Bailey
237,cook_joey237,Joey Edwards
238,active_kara238,Kara Ramirez
239,read_stella239,Stella Lee
240,swim_hayden240,Hayden Davis
241,traveler_joe241,Joe Wilson
242,gamer_tommy242,Tommy Brooks
243,play_with_claire243,Claire Gray
244,climb_bobby244,Bobby Thomas
245,fit_kathy245,Kathy Johnson
246,dance_with_lisa246,Lisa Moore
247,painter_toby247,Toby Cox
248,yoga_hope248,Hope Brooks
249,travel_rami249,Rami Hughes
250,code_maggie250,Maggie Reyes